{"pretrain/iteration": 3000, "pretrain/elapsed_time": 967.1203224658966, "pretrain/consistency_loss": 5.270102701615542e-05, "pretrain/reward_loss": 0.2875452935695648, "pretrain/value_loss": 0.3455274999141693, "pretrain/termination_loss": 0.0, "pretrain/total_loss": 0.06436130404472351, "pretrain/grad_norm": 0.09285125136375427, "pretrain/pi_loss": -0.3722895383834839, "pretrain/pi_grad_norm": 0.0002268878452014178, "pretrain/pi_entropy": -19.82917022705078, "pretrain/pi_scaled_entropy": 13.636865615844727, "pretrain/pi_scale": 19.89508628845215, "_timestamp": 1774293422.5777254, "_runtime": 969.7665543556213, "_step": 3000, "_wandb": {"runtime": 978}}