{"_wandb": {"runtime": 151}, "pretrain/iteration": 0, "pretrain/elapsed_time": 54.7169029712677, "pretrain/consistency_loss": 0.016666390001773834, "pretrain/reward_loss": 2.6921536922454834, "pretrain/value_loss": 2.694023370742798, "pretrain/termination_loss": 0.0, "pretrain/total_loss": 0.8719455003738403, "pretrain/grad_norm": 1.350174069404602, "pretrain/pi_loss": -0.004257736727595329, "pretrain/pi_grad_norm": 0.026573587208986282, "pretrain/pi_entropy": -3.223310947418213, "pretrain/pi_scaled_entropy": -5.80551290512085, "pretrain/pi_scale": 1.0, "_timestamp": 1774292340.4870636, "_runtime": 57.685038566589355, "_step": 0}